{
  "state": {
    "isStdErrTTY": false,
    "testRunDurationMs": 160773.712223,
    "isStdOutTTY": false
  },
  "metrics": {
    "http_req_failed": {
      "type": "rate",
      "contains": "default",
      "values": {
        "rate": 0.16933478613136646,
        "passes": 12122,
        "fails": 59464
      },
      "thresholds": {
        "rate<0.01": {
          "ok": false
        }
      }
    },
    "outcome_conn_timeout": {
      "type": "counter",
      "contains": "default",
      "values": {
        "count": 12122,
        "rate": 75.39789827821025
      }
    },
    "http_req_sending": {
      "contains": "time",
      "values": {
        "min": 0,
        "med": 0.022658499999999998,
        "max": 4.083779,
        "p(90)": 0.04499,
        "p(95)": 0.06606875000000001,
        "avg": 0.025691123166541124
      },
      "type": "trend"
    },
    "http_req_receiving": {
      "values": {
        "p(95)": 0.211171,
        "avg": 0.09981229451289401,
        "min": 0,
        "med": 0.0644635,
        "max": 70.30809,
        "p(90)": 0.1550085
      },
      "type": "trend",
      "contains": "time"
    },
    "http_req_connecting": {
      "type": "trend",
      "contains": "time",
      "values": {
        "p(90)": 0,
        "p(95)": 0,
        "avg": 39.36526246264633,
        "min": 0,
        "med": 0,
        "max": 19729.052464
      }
    },
    "iteration_duration": {
      "values": {
        "med": 204.90680650000002,
        "max": 60001.789961,
        "p(90)": 30000.729066,
        "p(95)": 30001.079737,
        "avg": 5449.265846842982,
        "min": 202.004001
      },
      "type": "trend",
      "contains": "time"
    },
    "vus": {
      "contains": "default",
      "values": {
        "max": 5000,
        "value": 127,
        "min": 11
      },
      "type": "gauge"
    },
    "outcome_success_201": {
      "type": "counter",
      "contains": "default",
      "values": {
        "count": 59464,
        "rate": 369.8614604203509
      }
    },
    "http_req_duration": {
      "thresholds": {
        "p(95)<1000": {
          "ok": true
        },
        "p(99)<2000": {
          "ok": true
        }
      },
      "type": "trend",
      "contains": "time",
      "values": {
        "avg": 456.96551882520043,
        "min": 0,
        "med": 203.3987955,
        "max": 59302.610435,
        "p(90)": 263.37060099999997,
        "p(95)": 323.655599
      }
    },
    "http_req_tls_handshaking": {
      "type": "trend",
      "contains": "time",
      "values": {
        "p(95)": 0,
        "avg": 0,
        "min": 0,
        "med": 0,
        "max": 0,
        "p(90)": 0
      }
    },
    "dropped_iterations": {
      "type": "counter",
      "contains": "default",
      "values": {
        "count": 12037,
        "rate": 74.86920488160507
      }
    },
    "http_req_waiting": {
      "values": {
        "p(95)": 323.22609024999997,
        "avg": 456.8400154075269,
        "min": 0,
        "med": 203.28728999999998,
        "max": 59302.528398,
        "p(90)": 263.160026
      },
      "type": "trend",
      "contains": "time"
    },
    "vus_max": {
      "values": {
        "value": 5000,
        "min": 200,
        "max": 5000
      },
      "type": "gauge",
      "contains": "default"
    },
    "checks": {
      "values": {
        "rate": 0.3333333333333333,
        "passes": 71586,
        "fails": 143172
      },
      "type": "rate",
      "contains": "default"
    },
    "data_sent": {
      "type": "counter",
      "contains": "data",
      "values": {
        "count": 10363458,
        "rate": 64459.90365405908
      }
    },
    "http_req_duration{expected_response:true}": {
      "type": "trend",
      "contains": "time",
      "values": {
        "p(95)": 337.01828365,
        "avg": 365.4257810465449,
        "min": 201.916627,
        "med": 203.81599,
        "max": 58296.078501,
        "p(90)": 272.33553390000003
      }
    },
    "http_reqs": {
      "values": {
        "count": 71586,
        "rate": 445.2593586985612
      },
      "type": "counter",
      "contains": "default"
    },
    "data_received": {
      "values": {
        "count": 12567938,
        "rate": 78171.59799462573
      },
      "type": "counter",
      "contains": "data"
    },
    "http_req_blocked": {
      "type": "trend",
      "contains": "time",
      "values": {
        "p(95)": 0.01185875,
        "avg": 39.37144243868922,
        "min": 0,
        "med": 0.004449,
        "max": 19729.146723,
        "p(90)": 0.007856499999999999
      }
    },
    "iterations": {
      "type": "counter",
      "contains": "default",
      "values": {
        "count": 71586,
        "rate": 445.2593586985612
      }
    }
  },
  "root_group": {
    "name": "",
    "path": "",
    "id": "d41d8cd98f00b204e9800998ecf8427e",
    "groups": [],
    "checks": [
        {
          "id": "a5e330d2e53947b17a1ae65290b981ed",
          "passes": 59464,
          "fails": 12122,
          "name": "успішно (HTTP 201)",
          "path": "::успішно (HTTP 201)"
        },
        {
          "fails": 71586,
          "name": "відмова сервера (HTTP 5xx)",
          "path": "::відмова сервера (HTTP 5xx)",
          "id": "cea0ba789feb6576fefa68123dd321a3",
          "passes": 0
        },
        {
          "name": "відмова з'єднання / timeout (status 0)",
          "path": "::відмова з'єднання / timeout (status 0)",
          "id": "dcc038fa1267a390253675169a1273f5",
          "passes": 12122,
          "fails": 59464
        }
      ]
  },
  "options": {
    "summaryTrendStats": [
      "avg",
      "min",
      "med",
      "max",
      "p(90)",
      "p(95)"
    ],
    "summaryTimeUnit": "",
    "noColor": false
  }
}